<?xml version="1.0" encoding="UTF-8"?>

<!DOCTYPE client-cache PUBLIC
    "-//GemStone Systems, Inc.//GemFire Declarative Caching 6.5//EN" 
    "http://www.gemstone.com/dtd/cache6_5.dtd">

<!-- -########################################################################## 
	- $File$ - $Revision$ - $Change$ - $DateTime$ - $Author$ -########################################################################## 
	- - The GemFire Client Cache configuration for the Reference Data Loader 
	client application. - - Author Geetha Konduru (gk11597) - Date 2011/02/15 -->

<client-cache>

	<!-- - Defines the Client Cache Pool for managing connections to server 
		caches. -->
	<pool name="clientPool" read-timeout="120000">
		<!-- <server host="oceanap02d.nam.nsroot.net" port="23901" /> --> <!-- INT -->
		<server host="fxodwap21p-phys.nam.nsroot.net" port="31901" /> <!-- UAT1 -->
		<server host="fxodwap22p-phys.nam.nsroot.net" port="31901" /> <!-- UAT2 -->
		<!--<server host="fxodwap23p-phys.nam.nsroot.net" port="31903" />  UAT3 -->
	</pool>

	<!-- - Defines a Region Attributes shortcut for the 'normal' usage of this 
		client cache, i.e. PROXY. -->
	<region-attributes id="NORMAL" refid="PROXY"
		pool-name="clientPool" />

	<!-- Region: /ocean -->
	<region name="ocean" refid="NORMAL">

		<!-- Region: /ocean/reference -->
		<region name="reference" refid="NORMAL">

			<!-- Region: /ocean/reference/product -->
			<region name="product" refid="NORMAL">

				<region name="oceanproduct" refid="NORMAL">
					<!-- Region: /ocean/reference/product/oceanproduct/warrant -->
					<region name="warrant">
						<region-attributes refid="NORMAL">
							<key-constraint>java.lang.Long</key-constraint>
							<value-constraint>com.citi.ocean.dataobject.product.OceanProductSummary</value-constraint>
						</region-attributes>
					</region>
					<!-- Region: /ocean/reference/product/oceanproduct/option -->
					<region name="option">
						<region-attributes refid="NORMAL">
							<key-constraint>java.lang.Long</key-constraint>
							<value-constraint>com.citi.ocean.dataobject.product.OceanProductSummary</value-constraint>
						</region-attributes>
					</region>
					<!-- Region: /ocean/reference/product/oceanproduct/equity -->
					<region name="equity">
						<region-attributes refid="NORMAL">
							<key-constraint>java.lang.Long</key-constraint>
							<value-constraint>com.citi.ocean.dataobject.product.OceanProductSummary</value-constraint>
						</region-attributes>
					</region>
					<!-- Region: /ocean/reference/product/oceanproduct/future -->
					<region name="future">
						<region-attributes refid="NORMAL">
							<key-constraint>java.lang.Long</key-constraint>
							<value-constraint>com.citi.ocean.dataobject.product.OceanProductSummary</value-constraint>
						</region-attributes>
					</region>
					<!-- Region: /ocean/reference/product/oceanproduct/corp -->
					<region name="corp">
						<region-attributes refid="NORMAL">
							<key-constraint>java.lang.Long</key-constraint>
							<value-constraint>com.citi.ocean.dataobject.product.OceanProductSummary</value-constraint>
						</region-attributes>
					</region>
					<!-- Region: /ocean/reference/product/oceanproduct/muni -->
					<region name="muni">
						<region-attributes refid="NORMAL">
							<key-constraint>java.lang.Long</key-constraint>
							<value-constraint>com.citi.ocean.dataobject.product.OceanProductSummary</value-constraint>
						</region-attributes>
					</region>
					<!-- Region: /ocean/reference/product/oceanproduct/mbs -->
					<region name="mbs">
						<region-attributes refid="NORMAL">
							<key-constraint>java.lang.Long</key-constraint>
							<value-constraint>com.citi.ocean.dataobject.product.OceanProductSummary</value-constraint>
						</region-attributes>
					</region>
					<!-- Region: /ocean/reference/product/oceanproduct/fi -->
					<region name="fi">
						<region-attributes refid="NORMAL">
							<key-constraint>java.lang.Long</key-constraint>
							<value-constraint>com.citi.ocean.dataobject.product.OceanProductSummary</value-constraint>
						</region-attributes>
					</region>
					<!-- Region: /ocean/reference/product/oceanproduct/misc -->
					<region name="misc">
						<region-attributes refid="NORMAL">
							<key-constraint>java.lang.Long</key-constraint>
							<value-constraint>com.citi.ocean.dataobject.product.OceanProductSummary</value-constraint>
						</region-attributes>
					</region>
				</region>

				<!-- Region: /ocean/reference/product/fii -->
				<region name="fii">
					<region-attributes refid="NORMAL">
						<key-constraint>java.lang.Long</key-constraint>
						<value-constraint>com.citi.ocean.dataobject.product.OceanProductInfo</value-constraint>
					</region-attributes>
				</region>

				<!-- Region: /ocean/reference/product/isin -->
				<region name="isin">
					<region-attributes refid="NORMAL">
						<key-constraint>java.lang.String</key-constraint>
						<value-constraint>com.citi.ocean.dataobject.product.IsinOceanProductInfo</value-constraint>
					</region-attributes>
				</region>

				<!-- Region: /ocean/reference/product/cusip -->
				<region name="cusip">
					<region-attributes refid="NORMAL">
						<key-constraint>java.lang.String</key-constraint>
						<value-constraint>com.citi.ocean.dataobject.product.OceanProductInfo</value-constraint>
					</region-attributes>
				</region>

				<!-- Region: /ocean/reference/product/smcp -->
				<region name="smcp">
					<region-attributes refid="NORMAL">
						<key-constraint>java.lang.String</key-constraint>
						<value-constraint>com.citi.ocean.dataobject.product.OceanProductInfo</value-constraint>
					</region-attributes>
				</region>

				<!-- Region: /ocean/reference/product/ric -->
				<region name="ric">
					<region-attributes refid="NORMAL">
						<key-constraint>java.lang.String</key-constraint>
						<value-constraint>com.citi.ocean.dataobject.product.OceanProductInfo</value-constraint>
					</region-attributes>
				</region>

				<!-- Region: /ocean/reference/product/tckr -->
				<region name="tckr">
					<region-attributes refid="NORMAL">
						<key-constraint>java.lang.String</key-constraint>
						<value-constraint>com.citi.ocean.dataobject.product.OceanProductInfo</value-constraint>
					</region-attributes>
				</region>

				<!-- Region: /ocean/reference/product/reut -->
				<region name="reut">
					<region-attributes refid="NORMAL">
						<key-constraint>java.lang.String</key-constraint>
						<value-constraint>com.citi.ocean.dataobject.product.OceanProductInfo</value-constraint>
					</region-attributes>
				</region>

				<!-- Region: /ocean/reference/product/optionsmcp -->
				<region name="optionsmcp">
					<region-attributes refid="NORMAL">
						<key-constraint>java.lang.String</key-constraint>
						<value-constraint>com.citi.ocean.dataobject.product.OceanProductInfo</value-constraint>
					</region-attributes>
				</region>

				<!-- Region: /ocean/reference/product/tkrs -->
				<region name="tkrs">
					<region-attributes refid="NORMAL">
						<key-constraint>java.lang.String</key-constraint>
						<value-constraint>com.citi.ocean.dataobject.product.OceanProductInfo</value-constraint>
					</region-attributes>
				</region>

				<!-- Region: /ocean/reference/product/tpscash -->
				<region name="tpscash">
					<region-attributes refid="NORMAL">
						<key-constraint>java.lang.String</key-constraint>
						<value-constraint>com.citi.ocean.dataobject.product.FixedIncomeProductInfo</value-constraint>
					</region-attributes>
				</region>

			</region>

			<!-- Region: /ocean/reference/account -->
			<region name="account" refid="NORMAL">
				<region name="oceanaccount">
					<region-attributes refid="NORMAL">
						<key-constraint>java.lang.Long</key-constraint>
						<value-constraint>com.citi.ocean.dataobject.account.OceanAccountSummary</value-constraint>
					</region-attributes>
				</region>

				<!-- Region: /ocean/reference/account/account_mnemonic -->
				<region name="account_mnemonic">
					<region-attributes refid="NORMAL">
						<key-constraint>java.lang.String</key-constraint>
						<value-constraint>com.citi.ocean.dataobject.account.OceanAccountInfo</value-constraint>
					</region-attributes>
				</region>

				<!-- Region: /ocean/reference/account/acti -->
				<region name="acti">
					<region-attributes refid="NORMAL">
						<key-constraint>java.lang.Integer</key-constraint>
						<value-constraint>com.citi.ocean.dataobject.account.OceanAccountInfo</value-constraint>
					</region-attributes>
				</region>

				<!-- Region: /ocean/reference/account/cpii -->
				<region name="cpii">
					<region-attributes refid="NORMAL">
						<key-constraint>java.lang.String</key-constraint>
						<value-constraint>com.citi.ocean.dataobject.account.OceanAccountInfo</value-constraint>
					</region-attributes>
				</region>

				<!-- Region: /ocean/reference/account/gp -->
				<region name="gp">
					<region-attributes refid="NORMAL">
						<key-constraint>java.lang.String</key-constraint>
						<value-constraint>com.citi.ocean.dataobject.account.OceanAccountInfo</value-constraint>
					</region-attributes>
				</region>

				<!-- Region: /ocean/reference/account/base -->
				<region name="base">
					<region-attributes refid="NORMAL">
						<key-constraint>java.lang.String</key-constraint>
						<value-constraint>com.citi.ocean.dataobject.account.OceanAccountInfo</value-constraint>
					</region-attributes>
				</region>

				<!-- Region: /ocean/reference/account/mpid -->
				<region name="mpid">
					<region-attributes refid="NORMAL">
						<key-constraint>java.lang.String</key-constraint>
						<value-constraint>com.citi.ocean.dataobject.account.OceanAccountInfo</value-constraint>
					</region-attributes>
				</region>

				<!-- Region: /ocean/reference/account/k1 -->
				<region name="k1">
					<region-attributes refid="NORMAL">
						<key-constraint>java.lang.String</key-constraint>
						<value-constraint>com.citi.ocean.dataobject.account.OceanAccountInfo</value-constraint>
					</region-attributes>
				</region>

				<!-- Region: /ocean/reference/account/slang -->
				<region name="slang">
					<region-attributes refid="NORMAL">
						<key-constraint>java.lang.String</key-constraint>
						<value-constraint>com.citi.ocean.dataobject.account.OceanAccountInfo</value-constraint>
					</region-attributes>
				</region>

				<!-- Region: /ocean/reference/account/corphrchy -->
				<region name="corphrchy">
					<region-attributes refid="NORMAL">
						<key-constraint>java.lang.String</key-constraint>
						<value-constraint>com.citi.ocean.dataobject.account.CorporateHierarchy</value-constraint>
					</region-attributes>
				</region>

				<!-- Region: /ocean/reference/account/pearlhrchy -->
				<region name="pearlhrchy">
					<region-attributes refid="NORMAL">
						<key-constraint>java.lang.String</key-constraint>
						<value-constraint>com.citi.ocean.dataobject.account.PearlHierarchy</value-constraint>
					</region-attributes>
				</region>

				<!-- Region: /ocean/reference/account/dsmthrchy -->
				<region name="dsmthrchy">
					<region-attributes refid="NORMAL">
						<key-constraint>java.lang.String</key-constraint>
						<value-constraint>com.citi.ocean.dataobject.account.DsmtHierarchy</value-constraint>
					</region-attributes>
				</region>
			</region>

			<!-- Region: /ocean/reference/gfcid -->
			<region name="gfcid">
				<region-attributes refid="NORMAL">
					<key-constraint>java.lang.String</key-constraint>
					<value-constraint>com.citi.ocean.dataobject.account.OceanGFCDetail</value-constraint>
				</region-attributes>
			</region>

		</region>
	</region>

</client-cache>

<!-- EOF -->
