<assembly>  <id>bin</id>  <formats>    <format>zip</format>  </formats>  <dependencySets>    <dependencySet>      <useProjectArtifact>false</useProjectArtifact>      <outputDirectory>lib</outputDirectory>      <unpack>false</unpack>    </dependencySet>  </dependencySets>  <fileSets>    <fileSet>      <directory>${project.build.directory}</directory>      <outputDirectory></outputDirectory>      <includes>        <include>*.jar</include>      </includes>   </fileSet>  </fileSets></assembly>