<assembly>
	<id>release</id>
	<formats>
		<format>zip</format>
	</formats>

	<fileSets>
		<fileSet>
			<directory>target</directory>
			<outputDirectory></outputDirectory>
			<includes>
				<include>*.jar</include>
			</includes>
		</fileSet>
		<fileSet>
			<directory>src/main/resources</directory>
			<outputDirectory></outputDirectory>
			<includes>
				<include>settings.properties</include>
			</includes>
		</fileSet>
		<fileSet>
			<directory>release</directory>
			<outputDirectory></outputDirectory>
			<includes>
				<include>*.*</include>
			</includes>
		</fileSet>
		<fileSet>
			<directory></directory>
			<outputDirectory></outputDirectory>
			<includes>
				<include>README.md</include>
			</includes>
		</fileSet>

	</fileSets>
</assembly>
